﻿Day of Starttime,Year,Distinct count of Trip Id,Max. Temperature,Min. Temperature
31-Dec-17,2017,593,12.9,-0.9
30-Dec-17,2017,519,14,-0.9
29-Dec-17,2017,"1,049",15.8,9
28-Dec-17,2017,"1,267",14,1
27-Dec-17,2017,"1,117",6.1,-2.9
26-Dec-17,2017,737,3.9,-2.9
25-Dec-17,2017,226,19,3.9
24-Dec-17,2017,386,21.9,18
23-Dec-17,2017,"1,600",33.8,21
22-Dec-17,2017,"4,356",39,33.8
21-Dec-17,2017,"5,404",39.9,34
20-Dec-17,2017,"3,926",35.1,28.9
19-Dec-17,2017,"6,914",50,35.1
18-Dec-17,2017,"5,864",45,39.9
17-Dec-17,2017,"2,653",42.1,32
16-Dec-17,2017,"3,269",46,28
15-Dec-17,2017,"4,751",37,21.9
14-Dec-17,2017,"4,950",27,17.1
13-Dec-17,2017,"5,144",37.9,21.9
12-Dec-17,2017,"4,446",28,17.1
11-Dec-17,2017,"5,216",37.9,24.1
10-Dec-17,2017,"1,982",34,19.9
9-Dec-17,2017,"1,675",30,19.9
8-Dec-17,2017,"5,070",36,18
7-Dec-17,2017,"5,210",28,19
6-Dec-17,2017,"6,142",35.1,27
5-Dec-17,2017,"5,722",44.1,27
4-Dec-17,2017,"8,646",64.9,44.1
3-Dec-17,2017,"4,913",57.9,30
2-Dec-17,2017,"5,233",54,33.1
1-Dec-17,2017,"8,287",52,30
30-Nov-17,2017,"8,661",54,39.9
29-Nov-17,2017,"8,342",46.9,34
28-Nov-17,2017,"9,380",61,44.1
27-Nov-17,2017,"8,548",55.9,30.9
26-Nov-17,2017,"2,814",48.9,28
25-Nov-17,2017,"2,814",53.1,34
24-Nov-17,2017,"3,046",63,33.1
23-Nov-17,2017,"1,279",46,33.1
22-Nov-17,2017,"4,835",34,23
21-Nov-17,2017,"6,464",44.1,27
20-Nov-17,2017,"7,215",52,30.9
19-Nov-17,2017,"2,865",36,30
18-Nov-17,2017,"1,558",46.9,35.1
17-Nov-17,2017,"5,650",48,35.1
16-Nov-17,2017,"7,622",37.9,33.1
15-Nov-17,2017,"5,839",52,35.1
14-Nov-17,2017,"8,720",48.9,30
13-Nov-17,2017,"7,944",39.9,32
12-Nov-17,2017,"1,993",39.9,36
11-Nov-17,2017,"2,675",37.9,26.1
10-Nov-17,2017,"4,233",28.9,18
9-Nov-17,2017,"7,856",45,21
8-Nov-17,2017,"8,836",46,28.9
7-Nov-17,2017,"8,736",45,33.1
6-Nov-17,2017,"8,347",42.1,32
5-Nov-17,2017,"3,813",52,46
4-Nov-17,2017,"2,353",48.9,44.1
3-Nov-17,2017,"8,518",46.9,37.9
2-Nov-17,2017,"7,406",51.1,43
1-Nov-17,2017,"6,029",44.1,36
31-Oct-17,2017,"8,170",39.9,35.1
30-Oct-17,2017,"8,792",48.9,37.9
29-Oct-17,2017,"4,468",46,34
28-Oct-17,2017,"4,015",39.9,36
27-Oct-17,2017,"8,131",53.1,37.9
26-Oct-17,2017,"10,943",60.1,37
25-Oct-17,2017,"10,581",53.1,37.9
24-Oct-17,2017,"3,633",51.1,42.1
23-Oct-17,2017,"6,066",54,51.1
22-Oct-17,2017,"4,242",69.1,52
21-Oct-17,2017,"8,513",75.9,60.1
20-Oct-17,2017,"13,069",78.1,51.1
19-Oct-17,2017,"13,292",69.1,52
18-Oct-17,2017,"13,207",70,48
17-Oct-17,2017,"13,465",70,48.9
16-Oct-17,2017,"12,087",62.1,44.1
15-Oct-17,2017,"5,201",68,48
14-Oct-17,2017,"1,417",64.9,62.1
13-Oct-17,2017,"12,923",72,55
12-Oct-17,2017,"12,155",60.1,55.9
11-Oct-17,2017,"7,402",61,57
10-Oct-17,2017,"9,256",62.6,57.9
9-Oct-17,2017,"13,346",79,53.1
8-Oct-17,2017,"9,227",78.1,54
7-Oct-17,2017,"6,093",77,61
6-Oct-17,2017,"9,595",69.8,60.1
5-Oct-17,2017,"14,201",75.9,55
4-Oct-17,2017,"13,456",73.9,62.1
3-Oct-17,2017,"13,288",78.1,68
2-Oct-17,2017,"13,808",82,59
1-Oct-17,2017,"7,838",72,48.9
30-Sep-17,2017,"8,233",66.9,54
29-Sep-17,2017,"13,551",68,57
28-Sep-17,2017,"14,575",73,53.1
27-Sep-17,2017,"14,362",71.1,57.9
26-Sep-17,2017,"15,071",91,71.1
25-Sep-17,2017,"14,366",91.9,68
24-Sep-17,2017,"8,973",91.9,71.1
23-Sep-17,2017,"9,582",93,73
22-Sep-17,2017,"13,857",93.9,73
21-Sep-17,2017,"13,914",93.9,73
20-Sep-17,2017,"14,686",91.9,63
19-Sep-17,2017,"13,407",78.1,66
18-Sep-17,2017,"14,203",75.9,57.9
17-Sep-17,2017,"8,928",84.9,64
16-Sep-17,2017,"10,230",87.1,64.9
15-Sep-17,2017,"14,175",87.1,62.1
14-Sep-17,2017,"14,585",80.1,61
13-Sep-17,2017,"12,704",75,60.1
12-Sep-17,2017,"15,145",75.9,55.9
11-Sep-17,2017,"14,028",75,53.1
10-Sep-17,2017,"8,782",70,51.1
9-Sep-17,2017,"9,614",71.1,55.9
8-Sep-17,2017,"12,955",68,57.9
7-Sep-17,2017,"13,861",71.1,52
6-Sep-17,2017,"13,154",66.9,50
5-Sep-17,2017,"13,331",69.1,55
4-Sep-17,2017,"7,263",81,64
3-Sep-17,2017,"8,016",82.9,57.9
2-Sep-17,2017,"7,117",73.9,50
1-Sep-17,2017,"12,542",68,57.9
31-Aug-17,2017,"14,490",72,64
30-Aug-17,2017,"15,527",82,60.1
29-Aug-17,2017,"14,165",73.9,62.1
28-Aug-17,2017,"13,193",79,64.9
27-Aug-17,2017,"8,178",75.9,63
26-Aug-17,2017,"9,603",77,57.9
25-Aug-17,2017,"14,314",73.9,53.1
24-Aug-17,2017,"13,914",73.9,57.9
23-Aug-17,2017,"15,590",78.1,60.1
22-Aug-17,2017,"14,673",81,66
21-Aug-17,2017,"14,031",84.9,71.1
20-Aug-17,2017,"9,045",88,64
19-Aug-17,2017,"10,378",84.9,63
18-Aug-17,2017,"14,399",82,66.9
17-Aug-17,2017,"12,902",82,73
16-Aug-17,2017,"12,690",87.1,66.9
15-Aug-17,2017,"16,095",82,68
14-Aug-17,2017,"14,641",82,62.1
13-Aug-17,2017,"9,494",79,57.9
12-Aug-17,2017,"10,349",75.9,60.1
11-Aug-17,2017,"14,097",77,66
10-Aug-17,2017,"14,280",82.9,62.1
9-Aug-17,2017,"15,551",82,63
8-Aug-17,2017,"15,702",82.9,59
7-Aug-17,2017,"14,324",75,62.1
6-Aug-17,2017,"8,664",77,64
5-Aug-17,2017,"10,255",79,60.1
4-Aug-17,2017,"12,450",66.9,55.9
3-Aug-17,2017,"13,677",82.9,68
2-Aug-17,2017,"15,223",86,66.9
1-Aug-17,2017,"15,070",84.2,69.1
31-Jul-17,2017,"14,814",84.9,66
30-Jul-17,2017,"9,848",82.9,64
29-Jul-17,2017,"10,562",79,64
28-Jul-17,2017,"14,496",79,68
27-Jul-17,2017,"14,929",81,70
26-Jul-17,2017,"15,011",84.9,66
25-Jul-17,2017,"15,737",81,61
24-Jul-17,2017,"14,538",73,66
23-Jul-17,2017,"9,310",89.1,70
22-Jul-17,2017,"9,407",86,72
21-Jul-17,2017,"11,278",87.1,73.9
20-Jul-17,2017,"10,282",87.1,69.1
19-Jul-17,2017,"14,795",88,70
18-Jul-17,2017,"15,675",88,62.1
17-Jul-17,2017,"14,824",78.1,55.9
16-Jul-17,2017,"9,284",75.9,62.1
15-Jul-17,2017,"10,908",80.1,61
14-Jul-17,2017,"14,192",73,64
13-Jul-17,2017,"14,627",82.9,73
12-Jul-17,2017,"11,464",80.1,68
11-Jul-17,2017,"14,433",84.9,70
10-Jul-17,2017,"10,303",82,66
9-Jul-17,2017,"10,344",84.9,63
8-Jul-17,2017,"11,678",77,63
7-Jul-17,2017,"13,244",86,64
6-Jul-17,2017,"14,833",91.9,71.1
5-Jul-17,2017,"14,154",86,64.9
4-Jul-17,2017,"9,168",82,64
3-Jul-17,2017,"10,294",79,66.9
2-Jul-17,2017,"8,129",88,62.1
1-Jul-17,2017,"9,399",82,66
30-Jun-17,2017,"13,126",82.9,64.9
29-Jun-17,2017,"12,655",80.1,66
28-Jun-17,2017,"12,231",80.1,57.9
27-Jun-17,2017,"15,259",77,52
26-Jun-17,2017,"13,702",73,54
25-Jun-17,2017,"9,164",70,54
24-Jun-17,2017,"10,458",75,59
23-Jun-17,2017,"12,320",82,68
22-Jun-17,2017,"13,968",88,69.1
21-Jun-17,2017,"15,240",79,57
20-Jun-17,2017,"14,417",79,57.9
19-Jun-17,2017,"12,782",79,63
18-Jun-17,2017,"8,576",78.1,71.1
17-Jun-17,2017,"8,262",84.9,71.1
16-Jun-17,2017,"12,370",84.9,66.9
15-Jun-17,2017,"14,210",90,69.1
14-Jun-17,2017,"9,773",91.9,70
13-Jun-17,2017,"13,808",88,70
12-Jun-17,2017,"12,794",95,75.9
11-Jun-17,2017,"9,279",91.9,73
10-Jun-17,2017,"10,073",90,64.9
9-Jun-17,2017,"13,500",86,66
8-Jun-17,2017,"13,745",82,54
7-Jun-17,2017,"14,028",75,55.9
6-Jun-17,2017,"13,888",75,54
5-Jun-17,2017,"12,699",73,60.1
4-Jun-17,2017,"9,236",91,69.1
3-Jun-17,2017,"10,137",82.9,60.1
2-Jun-17,2017,"13,701",84.9,55
1-Jun-17,2017,"13,440",79,51.1
31-May-17,2017,"13,237",73.9,53.1
30-May-17,2017,"12,011",73,54
29-May-17,2017,"8,091",75.9,59
28-May-17,2017,"6,002",77,57
27-May-17,2017,"7,554",77,52
26-May-17,2017,"7,133",69.1,53.1
25-May-17,2017,"10,547",68,53.1
24-May-17,2017,"8,537",61,53.1
23-May-17,2017,"6,512",62.1,55.9
22-May-17,2017,"11,313",72,48
21-May-17,2017,"6,264",64.9,51.1
20-May-17,2017,"3,702",64,48.9
19-May-17,2017,"5,450",50,43
18-May-17,2017,"11,856",77,48.9
17-May-17,2017,"12,155",84,71.1
16-May-17,2017,"12,974",87.1,63
15-May-17,2017,"11,627",81,50
14-May-17,2017,"5,990",70,52
13-May-17,2017,"7,807",81,48.9
12-May-17,2017,"10,662",72,46.9
11-May-17,2017,"10,249",64.9,50
10-May-17,2017,"7,195",66.9,48.9
9-May-17,2017,"7,607",60.1,43
8-May-17,2017,"8,579",57,36
7-May-17,2017,"4,762",57,37
6-May-17,2017,"4,993",57,44.1
5-May-17,2017,"7,708",60.1,42.1
4-May-17,2017,"8,134",53.1,44.1
3-May-17,2017,"9,194",55.9,36
2-May-17,2017,"6,780",50,41
1-May-17,2017,"6,092",55,45
30-Apr-17,2017,"1,527",46.9,42.1
29-Apr-17,2017,"1,643",46.4,39.9
28-Apr-17,2017,"8,169",57.9,41
27-Apr-17,2017,"6,717",62.1,42.1
26-Apr-17,2017,"10,488",73.9,60.1
25-Apr-17,2017,"11,946",78.1,52
24-Apr-17,2017,"10,120",73,39.9
23-Apr-17,2017,"7,123",72,39
22-Apr-17,2017,"5,684",59,43
21-Apr-17,2017,"8,031",53.1,44.1
20-Apr-17,2017,"9,728",71.1,48
19-Apr-17,2017,"8,060",70,46
18-Apr-17,2017,"10,929",75.9,42.1
17-Apr-17,2017,"9,208",69.1,44.1
16-Apr-17,2017,"4,900",73,55.9
15-Apr-17,2017,"7,696",82,62.1
14-Apr-17,2017,"7,341",66,46.9
13-Apr-17,2017,"5,698",59,44.1
12-Apr-17,2017,"8,242",57.9,39
11-Apr-17,2017,"7,643",53.1,42.1
10-Apr-17,2017,"5,678",77,42.1
9-Apr-17,2017,"6,722",75.9,57
8-Apr-17,2017,"6,642",66.9,37
7-Apr-17,2017,"6,916",54,37
6-Apr-17,2017,"6,053",50,37.9
5-Apr-17,2017,"1,744",46.9,39.9
4-Apr-17,2017,"7,007",55,45
3-Apr-17,2017,"4,654",54,46
2-Apr-17,2017,"4,023",60.1,44.1
1-Apr-17,2017,"4,769",57.9,34
31-Mar-17,2017,"4,817",43,37
30-Mar-17,2017,"3,100",44.1,39
29-Mar-17,2017,"5,538",46.9,35.1
28-Mar-17,2017,"6,273",50,37
27-Mar-17,2017,"5,456",52,42.1
26-Mar-17,2017,"2,706",62.1,46
25-Mar-17,2017,"1,479",46,41
24-Mar-17,2017,"7,795",81,43
23-Mar-17,2017,"5,824",50,28.9
22-Mar-17,2017,"5,321",37,28.9
21-Mar-17,2017,"6,417",53.1,34
20-Mar-17,2017,"5,853",54,42.1
19-Mar-17,2017,"3,214",53.1,30.9
18-Mar-17,2017,"2,956",44.1,37.9
17-Mar-17,2017,"4,632",48.9,36
16-Mar-17,2017,"4,737",42.1,19
15-Mar-17,2017,"3,510",32,17.1
14-Mar-17,2017,"1,712",28,19.9
13-Mar-17,2017,"2,491",30.9,28
12-Mar-17,2017,"1,977",34,19.9
11-Mar-17,2017,"2,098",30.9,18
10-Mar-17,2017,"4,904",36,23
9-Mar-17,2017,"5,866",41,28.9
8-Mar-17,2017,"6,171",53.1,39.9
7-Mar-17,2017,"7,209",64.9,44.1
6-Mar-17,2017,"6,664",64.9,52
5-Mar-17,2017,"3,477",59,33.1
4-Mar-17,2017,"2,689",42.1,28
3-Mar-17,2017,"4,878",33.1,21
2-Mar-17,2017,"5,085",34,27
1-Mar-17,2017,"4,328",54,33.1
28-Feb-17,2017,"5,547",60.1,46.9
27-Feb-17,2017,"6,785",54,27
26-Feb-17,2017,"2,702",48.9,24.1
25-Feb-17,2017,"1,772",33.1,23
24-Feb-17,2017,"4,841",39.9,33.1
23-Feb-17,2017,"5,577",57,37.9
22-Feb-17,2017,"8,942",66.9,51.1
21-Feb-17,2017,"7,558",64.9,50
20-Feb-17,2017,"7,201",69.1,41
19-Feb-17,2017,"5,493",68,37
18-Feb-17,2017,"6,694",70,41
17-Feb-17,2017,"7,597",66.9,28.9
16-Feb-17,2017,"5,403",41,30
15-Feb-17,2017,"5,344",34,27
14-Feb-17,2017,"6,326",50,30.9
13-Feb-17,2017,"5,814",43,25
12-Feb-17,2017,"2,640",46.9,30.9
11-Feb-17,2017,"3,236",48.9,34
10-Feb-17,2017,"4,577",41,18
9-Feb-17,2017,"4,021",24.1,12.9
8-Feb-17,2017,"4,878",30.9,19
7-Feb-17,2017,"4,593",50,32
6-Feb-17,2017,"5,786",55,23
5-Feb-17,2017,"2,451",37.9,25
4-Feb-17,2017,"1,956",33.1,10.9
3-Feb-17,2017,"3,909",28,14
2-Feb-17,2017,"4,139",23,14
1-Feb-17,2017,"5,229",37,21
31-Jan-17,2017,"4,953",39,35.1
30-Jan-17,2017,"4,347",37,15.1
29-Jan-17,2017,"1,513",28,21
28-Jan-17,2017,"2,073",28.9,24.1
27-Jan-17,2017,"4,261",30.9,24.1
26-Jan-17,2017,"4,597",34,30.9
25-Jan-17,2017,"4,973",41,34
24-Jan-17,2017,"5,581",37.9,34
23-Jan-17,2017,"5,510",41,36
22-Jan-17,2017,"2,549",45,39.9
21-Jan-17,2017,"5,436",57.9,41
20-Jan-17,2017,"4,385",42.1,37.4
19-Jan-17,2017,"4,283",42.1,30.9
18-Jan-17,2017,"5,193",36,30.9
17-Jan-17,2017,"4,568",37.9,35.1
16-Jan-17,2017,"1,360",37,30.9
15-Jan-17,2017,"1,978",36,19.9
14-Jan-17,2017,"1,947",35.1,21.9
13-Jan-17,2017,"3,547",27,16
12-Jan-17,2017,"3,003",27,19.9
11-Jan-17,2017,"3,731",42.1,25
10-Jan-17,2017,"3,236",50,25
9-Jan-17,2017,"3,714",32,19
8-Jan-17,2017,"1,129",18,1.9
7-Jan-17,2017,"1,265",17.1,0
6-Jan-17,2017,"2,451",8.1,0
5-Jan-17,2017,"2,833",12.9,3
4-Jan-17,2017,"3,187",18,7
3-Jan-17,2017,"4,431",39,19
2-Jan-17,2017,"1,772",39.9,28
1-Jan-17,2017,"1,365",39,18
31-Dec-16,2016,"1,669",39.9,24.1
30-Dec-16,2016,"2,651",37.9,24.1
29-Dec-16,2016,"2,858",34,30
28-Dec-16,2016,"3,167",44.1,21
27-Dec-16,2016,"2,521",28,19.9
26-Dec-16,2016,"1,437",54,28
25-Dec-16,2016,336,37,32
24-Dec-16,2016,933,37,34
23-Dec-16,2016,"2,160",35.1,27
22-Dec-16,2016,"3,614",37,26.1
21-Dec-16,2016,"3,526",35.1,21
20-Dec-16,2016,"2,917",28,15.1
19-Dec-16,2016,"1,687",15.1,-11.9
18-Dec-16,2016,489,18,-7.1
17-Dec-16,2016,920,21.9,19
16-Dec-16,2016,"2,397",19.9,8.1
15-Dec-16,2016,"2,089",9,-2
14-Dec-16,2016,"2,649",19,3
13-Dec-16,2016,"3,025",21.2,3
12-Dec-16,2016,"2,869",30,10
11-Dec-16,2016,654,33.1,23
10-Dec-16,2016,"1,659",23,18
9-Dec-16,2016,"4,375",25,18
8-Dec-16,2016,"4,237",24.8,17.1
7-Dec-16,2016,"5,191",27,21.9
6-Dec-16,2016,"6,048",39,26.1
5-Dec-16,2016,"4,997",34,30.9
4-Dec-16,2016,"1,202",33.1,26.6
3-Dec-16,2016,"3,155",33.1,30
2-Dec-16,2016,"6,401",39.9,34
1-Dec-16,2016,"6,530",41,36
30-Nov-16,2016,"6,783",42.1,34
29-Nov-16,2016,"8,137",57,44.1
28-Nov-16,2016,"4,190",51.1,41
27-Nov-16,2016,"2,608",43,32
26-Nov-16,2016,"2,522",46,32
25-Nov-16,2016,"2,249",41,32
24-Nov-16,2016,"1,204",42.1,35.1
23-Nov-16,2016,"3,408",44.1,37
22-Nov-16,2016,"6,314",39.9,28
21-Nov-16,2016,"6,394",41,23
20-Nov-16,2016,"2,518",34,23
19-Nov-16,2016,"2,840",37.9,28
18-Nov-16,2016,"7,002",64.9,39
17-Nov-16,2016,"10,041",71.1,45
16-Nov-16,2016,"9,312",60.1,39.9
15-Nov-16,2016,"9,035",54,37.9
14-Nov-16,2016,"8,921",59,41
13-Nov-16,2016,"4,488",55.9,35.1
12-Nov-16,2016,"4,924",51.1,32
11-Nov-16,2016,"7,317",50,37.9
10-Nov-16,2016,"9,404",63,41
9-Nov-16,2016,"9,238",57,41
8-Nov-16,2016,"9,392",62.1,48.9
7-Nov-16,2016,"10,507",64.9,42.1
6-Nov-16,2016,"6,987",69.1,43
5-Nov-16,2016,"7,140",66.9,44.1
4-Nov-16,2016,"10,753",63,43
3-Nov-16,2016,"10,358",66.9,48
2-Nov-16,2016,"7,700",64,55
1-Nov-16,2016,"11,814",75,60.1
31-Oct-16,2016,"9,644",60.1,39
30-Oct-16,2016,"5,158",55.9,44.1
29-Oct-16,2016,"7,379",70,55.9
28-Oct-16,2016,"10,265",64,39
27-Oct-16,2016,"9,016",50,44.1
26-Oct-16,2016,"4,744",50,45
25-Oct-16,2016,"9,935",53.1,39
24-Oct-16,2016,"10,028",57.9,42.1
23-Oct-16,2016,"6,244",72,41
22-Oct-16,2016,"6,282",59,37.9
21-Oct-16,2016,"8,451",52,41
20-Oct-16,2016,"9,952",55.9,46
19-Oct-16,2016,"11,398",71.1,51.1
18-Oct-16,2016,"12,420",75,55.9
17-Oct-16,2016,"11,505",82,66.9
16-Oct-16,2016,"6,124",71.1,64.9
15-Oct-16,2016,"7,238",70,53.1
14-Oct-16,2016,"10,712",66,39
13-Oct-16,2016,"10,463",55.9,37.9
12-Oct-16,2016,"7,077",68,46.4
11-Oct-16,2016,"12,031",73,54
10-Oct-16,2016,"10,508",69.1,45
9-Oct-16,2016,"6,982",62.1,50
8-Oct-16,2016,"7,318",64.9,41
7-Oct-16,2016,"11,827",69.1,46.9
6-Oct-16,2016,"5,973",72,60.1
5-Oct-16,2016,"12,782",80.1,62.1
4-Oct-16,2016,"12,425",75,60.1
3-Oct-16,2016,"11,079",66.9,59
2-Oct-16,2016,"5,751",64,57
1-Oct-16,2016,"4,421",63,57.2
30-Sep-16,2016,"8,810",64,60.1
29-Sep-16,2016,"9,691",64,59
28-Sep-16,2016,"7,270",59,51.1
27-Sep-16,2016,"12,265",69.1,51.1
26-Sep-16,2016,"11,929",69.1,57
25-Sep-16,2016,"8,184",84.9,63
24-Sep-16,2016,"8,464",73,66
23-Sep-16,2016,"12,110",73,68
22-Sep-16,2016,"12,959",81,64.9
21-Sep-16,2016,"9,791",73.4,66
20-Sep-16,2016,"13,317",82,66.9
19-Sep-16,2016,"12,922",87.1,57
18-Sep-16,2016,"8,702",79,59
17-Sep-16,2016,"8,618",81,64
16-Sep-16,2016,"12,284",82,66
15-Sep-16,2016,"13,321",77,60.1
14-Sep-16,2016,"13,265",73,64
13-Sep-16,2016,"13,142",84,66
12-Sep-16,2016,"12,896",78.1,55
11-Sep-16,2016,"8,620",75,53.1
10-Sep-16,2016,"7,573",73,60.1
9-Sep-16,2016,"11,192",80.1,64
8-Sep-16,2016,"11,587",81,71.1
7-Sep-16,2016,"11,717",89.1,75.9
6-Sep-16,2016,"12,035",91,75.9
5-Sep-16,2016,"7,343",87.1,62.1
4-Sep-16,2016,"6,996",80.1,59
3-Sep-16,2016,"7,442",75.9,57.9
2-Sep-16,2016,"12,093",73.9,62.1
1-Sep-16,2016,"12,461",73,62.1
31-Aug-16,2016,"13,505",75.9,64
30-Aug-16,2016,"10,008",84,71.1
29-Aug-16,2016,"11,641",86,70
28-Aug-16,2016,"8,542",82,71.1
27-Aug-16,2016,"7,074",82.9,68
26-Aug-16,2016,"12,761",80.1,66
25-Aug-16,2016,"12,274",82.9,68
24-Aug-16,2016,"10,738",82.9,70
23-Aug-16,2016,"13,565",80.1,60.1
22-Aug-16,2016,"13,261",77,55.9
21-Aug-16,2016,"8,832",75,57.9
20-Aug-16,2016,"6,695",79,64
19-Aug-16,2016,"11,499",82.9,68
18-Aug-16,2016,"10,644",84.9,71.1
17-Aug-16,2016,"12,403",87.1,70
16-Aug-16,2016,"13,035",87.1,71.1
15-Aug-16,2016,"9,040",78.1,66.9
14-Aug-16,2016,"8,467",86,66
13-Aug-16,2016,"8,643",82.9,73
12-Aug-16,2016,"7,699",84,73.9
11-Aug-16,2016,"12,437",91.9,73.9
10-Aug-16,2016,"13,077",88,70
9-Aug-16,2016,"13,579",88,68
8-Aug-16,2016,"12,770",84,72
7-Aug-16,2016,"8,416",87.8,62.1
6-Aug-16,2016,"9,583",82.9,66.9
5-Aug-16,2016,"12,131",86,73
4-Aug-16,2016,"12,524",90,70
3-Aug-16,2016,"13,541",89.1,69.1
2-Aug-16,2016,"13,430",87.1,69.1
1-Aug-16,2016,"13,240",82.9,66.9
31-Jul-16,2016,"9,517",81,64.9
30-Jul-16,2016,"8,990",77,69.8
29-Jul-16,2016,"11,038",79,70
28-Jul-16,2016,"11,230",82.9,71.1
27-Jul-16,2016,"13,727",88,69.1
26-Jul-16,2016,"13,848",87.1,70
25-Jul-16,2016,"12,840",89.1,73
24-Jul-16,2016,"6,331",91.9,71.1
23-Jul-16,2016,"6,748",90,71.1
22-Jul-16,2016,"11,809",90,72
21-Jul-16,2016,"11,234",90,73
20-Jul-16,2016,"13,463",86,69.1
19-Jul-16,2016,"13,988",88,68
18-Jul-16,2016,"13,241",88,71.1
17-Jul-16,2016,"7,815",82.9,63
16-Jul-16,2016,"10,586",77,57.9
15-Jul-16,2016,"12,015",73.9,61
14-Jul-16,2016,"13,555",87.1,68
13-Jul-16,2016,"10,736",84,69.1
12-Jul-16,2016,"13,352",88,73.9
11-Jul-16,2016,"12,851",88,69.1
10-Jul-16,2016,"9,494",82,61
9-Jul-16,2016,"10,729",78.1,66
8-Jul-16,2016,"12,888",84.9,69.1
7-Jul-16,2016,"11,022",82.9,71.1
6-Jul-16,2016,"10,449",88,66.9
5-Jul-16,2016,"12,589",84.9,66.9
4-Jul-16,2016,"7,468",78.1,66
3-Jul-16,2016,"6,944",77,55.9
2-Jul-16,2016,"7,837",75.9,55.9
1-Jul-16,2016,"12,171",71.1,59
30-Jun-16,2016,"13,088",78.1,60.1
29-Jun-16,2016,"13,997",80.1,55.9
28-Jun-16,2016,"13,370",70,61
27-Jun-16,2016,"12,700",89.1,69.1
26-Jun-16,2016,"7,776",88,73.9
25-Jun-16,2016,"9,960",88,64.9
24-Jun-16,2016,"12,974",81,62.1
23-Jun-16,2016,"12,616",75,64.9
22-Jun-16,2016,"9,852",75.2,68
21-Jun-16,2016,"14,067",82.9,64
20-Jun-16,2016,"12,149",91.9,72
19-Jun-16,2016,"8,226",88,64.9
18-Jun-16,2016,"10,133",87.1,61
17-Jun-16,2016,"13,333",84.9,61
16-Jun-16,2016,"12,248",78.1,64
15-Jun-16,2016,"13,149",90,68
14-Jun-16,2016,"12,739",86,64
13-Jun-16,2016,"12,658",84.9,55
12-Jun-16,2016,"8,231",79,59
11-Jun-16,2016,"8,817",91,71.1
10-Jun-16,2016,"12,484",90,63
9-Jun-16,2016,"10,279",71.1,53.1
8-Jun-16,2016,"12,661",69.1,52
7-Jun-16,2016,"12,441",66,55
6-Jun-16,2016,"12,767",81,59
5-Jun-16,2016,"9,337",79,61
4-Jun-16,2016,"7,204",71.1,63
3-Jun-16,2016,"12,888",82.9,55.9
2-Jun-16,2016,"13,129",78.1,59
1-Jun-16,2016,"9,200",79,64
31-May-16,2016,"8,171",82,64.9
30-May-16,2016,"8,197",87.1,64
29-May-16,2016,"7,350",78.1,63
28-May-16,2016,"7,039",81,64.9
27-May-16,2016,"9,298",81,66
26-May-16,2016,"11,954",82,62.1
25-May-16,2016,"9,144",84.9,64
24-May-16,2016,"12,634",86,60.1
23-May-16,2016,"11,622",81,48.9
22-May-16,2016,"8,547",77,54
21-May-16,2016,"8,146",73.9,53.1
20-May-16,2016,"9,781",68,45
19-May-16,2016,"10,910",68,39.9
18-May-16,2016,"9,957",64,43
17-May-16,2016,"7,940",57,45
16-May-16,2016,"9,959",69.1,46
15-May-16,2016,"4,903",55,36
14-May-16,2016,"3,970",46,42.1
13-May-16,2016,"8,510",66,48
12-May-16,2016,"9,161",68,53.1
11-May-16,2016,"8,996",68,52
10-May-16,2016,"5,462",63,51.1
9-May-16,2016,"6,173",57.9,50
8-May-16,2016,"6,055",69.1,41
7-May-16,2016,"4,951",69.1,46.9
6-May-16,2016,"10,545",82,44.1
5-May-16,2016,"8,599",61,41
4-May-16,2016,"7,388",57,42.1
3-May-16,2016,"9,775",64.9,41
2-May-16,2016,"8,155",57,44.1
1-May-16,2016,"2,826",48,42.1
30-Apr-16,2016,"1,436",48,43
29-Apr-16,2016,"6,806",50,42.1
28-Apr-16,2016,"6,750",50,42.1
27-Apr-16,2016,"5,017",48.9,42.1
26-Apr-16,2016,"6,647",66.9,42.1
25-Apr-16,2016,"10,032",81,57.9
24-Apr-16,2016,"7,214",77,41
23-Apr-16,2016,"5,512",60.1,37.9
22-Apr-16,2016,"6,081",54,42.1
21-Apr-16,2016,"8,175",70,54
20-Apr-16,2016,"8,001",71.1,51.1
19-Apr-16,2016,"7,747",55.9,46
18-Apr-16,2016,"9,656",82,50
17-Apr-16,2016,"7,128",78.1,46
16-Apr-16,2016,"6,764",75.9,42.1
15-Apr-16,2016,"8,385",66.9,44.1
14-Apr-16,2016,"8,005",61,37
13-Apr-16,2016,"7,478",55,35.1
12-Apr-16,2016,"6,900",46,30.9
11-Apr-16,2016,"7,297",50,37.9
10-Apr-16,2016,"1,755",50,33.1
9-Apr-16,2016,"2,459",37,23
8-Apr-16,2016,"4,326",39.9,28.9
7-Apr-16,2016,"5,117",43,35.1
6-Apr-16,2016,"3,612",48.9,41
5-Apr-16,2016,"5,723",44.1,24.1
4-Apr-16,2016,"4,302",37,30
3-Apr-16,2016,"4,047",71.1,27
2-Apr-16,2016,"2,127",39,28
1-Apr-16,2016,"5,154",48,37
31-Mar-16,2016,"6,196",66,45
30-Mar-16,2016,"5,977",61,42.1
29-Mar-16,2016,"7,720",57.9,32
28-Mar-16,2016,"6,368",53.1,36
27-Mar-16,2016,"2,864",62.1,37
26-Mar-16,2016,"3,844",53.1,30.9
25-Mar-16,2016,"4,891",46.9,28.4
24-Mar-16,2016,"2,067",37.9,30
23-Mar-16,2016,"4,595",42.1,37.4
22-Mar-16,2016,"7,592",63,39.9
21-Mar-16,2016,"5,975",48,28.9
20-Mar-16,2016,"3,070",44.1,30
19-Mar-16,2016,"3,392",45,35.1
18-Mar-16,2016,"5,945",46,33.1
17-Mar-16,2016,"6,867",54,39.9
16-Mar-16,2016,"5,695",55.9,46
15-Mar-16,2016,"6,812",57.9,46
14-Mar-16,2016,"6,284",54,44.1
13-Mar-16,2016,849,46.9,43
12-Mar-16,2016,"4,045",59,34
11-Mar-16,2016,"6,671",54,35.1
10-Mar-16,2016,"6,488",51.1,37
9-Mar-16,2016,"7,432",62.1,48.9
8-Mar-16,2016,"8,428",69.1,59
7-Mar-16,2016,"6,690",62.1,46
6-Mar-16,2016,"3,179",51.1,34
5-Mar-16,2016,"2,391",37.9,28.9
4-Mar-16,2016,"4,255",39,19.9
3-Mar-16,2016,"3,377",32,27
2-Mar-16,2016,"3,779",30.9,12
1-Mar-16,2016,"2,684",30,18
29-Feb-16,2016,"4,675",51.1,28
28-Feb-16,2016,"3,793",61,36
27-Feb-16,2016,"4,152",54,28
26-Feb-16,2016,"3,980",33.1,26.1
25-Feb-16,2016,"4,077",37,30.9
24-Feb-16,2016,"2,875",36,32
23-Feb-16,2016,"5,195",45,27
22-Feb-16,2016,"5,114",44.1,28
21-Feb-16,2016,"2,337",39.9,32
20-Feb-16,2016,"5,010",55.9,39.9
19-Feb-16,2016,"5,251",62.1,43
18-Feb-16,2016,"4,479",41,23
17-Feb-16,2016,"4,248",34,21
16-Feb-16,2016,"3,453",33.1,24.1
15-Feb-16,2016,"2,025",27,18
14-Feb-16,2016,550,18,10
13-Feb-16,2016,"1,133",17.1,1.9
12-Feb-16,2016,"3,074",21.9,7
11-Feb-16,2016,"3,195",21,7
10-Feb-16,2016,"3,013",17.1,9
9-Feb-16,2016,"2,997",19.9,14
8-Feb-16,2016,"3,992",32,21.9
7-Feb-16,2016,"2,574",42.1,32
6-Feb-16,2016,"2,702",41,25
5-Feb-16,2016,"4,245",33.1,25
4-Feb-16,2016,"4,426",30.9,19.9
3-Feb-16,2016,"4,478",36,28
2-Feb-16,2016,"3,001",37,33.1
1-Feb-16,2016,"5,124",45,30.9
31-Jan-16,2016,"1,883",48,33.1
30-Jan-16,2016,"3,222",46,35.1
29-Jan-16,2016,"4,441",35.1,19.9
28-Jan-16,2016,"4,516",39,28.9
27-Jan-16,2016,"4,384",34,23
26-Jan-16,2016,"4,156",36,25
25-Jan-16,2016,"3,925",41,26.1
24-Jan-16,2016,"1,771",33.8,24.1
23-Jan-16,2016,"2,064",32,23
22-Jan-16,2016,"3,422",30.2,19
21-Jan-16,2016,"3,753",28,12
20-Jan-16,2016,"2,875",21.9,14
19-Jan-16,2016,"2,574",17.1,0
18-Jan-16,2016,"1,191",7,-4
17-Jan-16,2016,687,7,-0.9
16-Jan-16,2016,"1,997",30,9
15-Jan-16,2016,"4,061",42.1,30.2
14-Jan-16,2016,"4,377",43,25
13-Jan-16,2016,"2,402",24.1,0
12-Jan-16,2016,"1,908",19,3
11-Jan-16,2016,"2,132",24.1,-0.9
10-Jan-16,2016,940,21.9,1.9
9-Jan-16,2016,"1,632",39.9,23
8-Jan-16,2016,"3,306",41,36
7-Jan-16,2016,"4,860",41,34
6-Jan-16,2016,"4,450",36,21
5-Jan-16,2016,"4,049",33.1,17.1
4-Jan-16,2016,"3,560",30.9,24.1
3-Jan-16,2016,"1,269",28.9,23
2-Jan-16,2016,"1,282",32,19.9
1-Jan-16,2016,830,30,19
31-Dec-15,2015,"1,746",27,21.9
30-Dec-15,2015,"1,866",28.9,27
29-Dec-15,2015,"2,009",39,28.9
28-Dec-15,2015,601,36,30.9
27-Dec-15,2015,958,39.9,35.1
26-Dec-15,2015,746,42.1,37.9
25-Dec-15,2015,621,43,33.1
24-Dec-15,2015,"1,862",41,34
23-Dec-15,2015,"3,354",57.9,39.9
22-Dec-15,2015,"4,618",41,35.1
21-Dec-15,2015,"3,492",52,41
20-Dec-15,2015,"2,292",50,26.1
19-Dec-15,2015,"1,927",30,15.1
18-Dec-15,2015,"4,401",32,25
17-Dec-15,2015,"4,845",34,28
16-Dec-15,2015,"5,210",53.1,35.1
15-Dec-15,2015,"5,913",42.1,39
14-Dec-15,2015,"4,708",60.1,42.1
13-Dec-15,2015,"1,961",61,48
12-Dec-15,2015,"3,783",55.9,46.9
11-Dec-15,2015,"6,761",50,42.1
10-Dec-15,2015,"6,821",57,42.1
9-Dec-15,2015,"7,042",52,39.9
8-Dec-15,2015,"6,428",46.9,37.4
7-Dec-15,2015,"5,688",37.9,28
6-Dec-15,2015,"3,242",46,28
5-Dec-15,2015,"2,174",45,30
4-Dec-15,2015,"1,266",46.9,32
3-Dec-15,2015,"4,761",35.6,30.9
2-Dec-15,2015,"4,416",37,30.9
1-Dec-15,2015,"6,135",43,37
30-Nov-15,2015,"4,790",44.1,39
29-Nov-15,2015,"2,129",41,27
28-Nov-15,2015,"1,772",37.9,30
27-Nov-15,2015,968,55.9,34
26-Nov-15,2015,970,60.1,48
25-Nov-15,2015,"4,838",51.1,30.9
24-Nov-15,2015,"5,170",39.9,24.1
23-Nov-15,2015,"4,112",37,25
22-Nov-15,2015,"1,003",27,10.9
21-Nov-15,2015,750,33.1,19
20-Nov-15,2015,"5,613",39.9,30.9
19-Nov-15,2015,"6,118",46,35.1
18-Nov-15,2015,"6,651",61,48
17-Nov-15,2015,"5,695",61,46.9
16-Nov-15,2015,"7,327",57,45
15-Nov-15,2015,"5,047",64,44.1
14-Nov-15,2015,"4,311",55.9,26.1
13-Nov-15,2015,"6,249",46,32
12-Nov-15,2015,"5,637",55,42.1
11-Nov-15,2015,"7,596",62.1,37.9
10-Nov-15,2015,"8,335",55,35.1
9-Nov-15,2015,"7,731",55.9,30.9
8-Nov-15,2015,"4,408",52,28.9
7-Nov-15,2015,"4,805",52,36
6-Nov-15,2015,"7,681",64.9,41
5-Nov-15,2015,"9,630",69.1,60.1
4-Nov-15,2015,"10,308",71.1,51.1
3-Nov-15,2015,"10,741",70,45
2-Nov-15,2015,"9,953",72,46.9
1-Nov-15,2015,"5,566",63,45
31-Oct-15,2015,"1,858",52,44.6
30-Oct-15,2015,"8,344",55,36
29-Oct-15,2015,"7,174",46.9,36
28-Oct-15,2015,"6,082",55.9,37.9
27-Oct-15,2015,"6,840",55.9,51.1
26-Oct-15,2015,"9,372",60.1,39
25-Oct-15,2015,"5,594",62.1,41
24-Oct-15,2015,"4,296",66,52
23-Oct-15,2015,"8,296",62.1,52
22-Oct-15,2015,"9,983",62.1,52
21-Oct-15,2015,"10,983",75,52
20-Oct-15,2015,"10,394",73.9,57
19-Oct-15,2015,"9,539",72,45
18-Oct-15,2015,"5,150",57.9,34
17-Oct-15,2015,"5,083",53.1,34
16-Oct-15,2015,"8,884",54,39.9
15-Oct-15,2015,"9,986",68,46
14-Oct-15,2015,"10,286",63,42.1
13-Oct-15,2015,"10,104",62.1,48.9
12-Oct-15,2015,"10,007",75,55.9
11-Oct-15,2015,"7,285",78.1,51.1
10-Oct-15,2015,"6,808",64.9,43
9-Oct-15,2015,"9,663",64,46.9
8-Oct-15,2015,"10,749",77,52
7-Oct-15,2015,"11,255",70,55
6-Oct-15,2015,"10,793",71.1,55
5-Oct-15,2015,"9,641",60.1,55
4-Oct-15,2015,"4,629",57,50
3-Oct-15,2015,"4,261",53.1,48
2-Oct-15,2015,"8,901",60.1,52
1-Oct-15,2015,"10,081",59,52
30-Sep-15,2015,"10,965",60.1,53.1
29-Sep-15,2015,"9,217",66.9,55
28-Sep-15,2015,"11,592",77,64.9
27-Sep-15,2015,"7,142",73.9,61
26-Sep-15,2015,"8,313",73.9,60.1
25-Sep-15,2015,"11,323",72,60.1
24-Sep-15,2015,"11,745",75,57.9
23-Sep-15,2015,"12,338",79,57.9
22-Sep-15,2015,"12,520",78.1,54
21-Sep-15,2015,"11,666",73,52
20-Sep-15,2015,"7,830",72,51.1
19-Sep-15,2015,"8,040",70,55.9
18-Sep-15,2015,"7,974",75,66.9
17-Sep-15,2015,"10,171",84.9,61
16-Sep-15,2015,"12,398",82,57
15-Sep-15,2015,"12,264",82,63
14-Sep-15,2015,"11,299",82,52
13-Sep-15,2015,"7,454",69.1,48.9
12-Sep-15,2015,"5,935",64,51.1
11-Sep-15,2015,"7,952",66,55
10-Sep-15,2015,"10,799",73,55.9
9-Sep-15,2015,"12,087",75.9,61
8-Sep-15,2015,"8,417",81,69.1
7-Sep-15,2015,"6,408",87.1,75.9
6-Sep-15,2015,"6,362",91.9,72
5-Sep-15,2015,"6,667",86,70
4-Sep-15,2015,"11,127",84,69.1
3-Sep-15,2015,"11,290",90,71.1
2-Sep-15,2015,"11,742",89.1,72
1-Sep-15,2015,"12,189",88,70
31-Aug-15,2015,"11,743",84.9,62.1
30-Aug-15,2015,"7,321",77,64
29-Aug-15,2015,"4,719",70,63
28-Aug-15,2015,"11,220",72,59
27-Aug-15,2015,"11,805",73.9,52
26-Aug-15,2015,"11,564",66,55.9
25-Aug-15,2015,"11,572",71.1,59
24-Aug-15,2015,"11,340",73.9,55
23-Aug-15,2015,"7,480",75.9,62.1
22-Aug-15,2015,"9,256",80.1,60.1
21-Aug-15,2015,"12,038",82,55.9
20-Aug-15,2015,"12,025",73,59
19-Aug-15,2015,"12,244",75,63
18-Aug-15,2015,"10,007",82.9,68
17-Aug-15,2015,"10,493",87.1,69.1
16-Aug-15,2015,"8,005",88,71.1
15-Aug-15,2015,"8,316",91,68
14-Aug-15,2015,"11,011",89.1,70
13-Aug-15,2015,"12,293",84,66
12-Aug-15,2015,"12,583",80.1,62.1
11-Aug-15,2015,"12,731",81,64.9
10-Aug-15,2015,"10,572",84,70
9-Aug-15,2015,"6,997",80.1,66.9
8-Aug-15,2015,"8,889",81,69.1
7-Aug-15,2015,"12,092",82,64
6-Aug-15,2015,"12,649",82,66
5-Aug-15,2015,"12,976",81,62.1
4-Aug-15,2015,"12,828",81,61
3-Aug-15,2015,"11,804",82,66.9
2-Aug-15,2015,"7,301",90,68
1-Aug-15,2015,"8,987",86,64
31-Jul-15,2015,"12,216",86,66.9
30-Jul-15,2015,"12,752",88,64.9
29-Jul-15,2015,"12,400",87.1,72
28-Jul-15,2015,"12,119",90,69.1
27-Jul-15,2015,"11,503",87.1,68
26-Jul-15,2015,"7,701",80.1,66
25-Jul-15,2015,"8,831",91,72
24-Jul-15,2015,"11,809",82.9,64.9
23-Jul-15,2015,"12,305",84,64
22-Jul-15,2015,"12,434",82,64.9
21-Jul-15,2015,"12,446",81,66
20-Jul-15,2015,"11,026",84,64
19-Jul-15,2015,"8,273",84.9,69.1
18-Jul-15,2015,"7,590",87.8,73
17-Jul-15,2015,"10,790",91,71.1
16-Jul-15,2015,"8,187",73.9,57.9
15-Jul-15,2015,"11,750",73.9,59
14-Jul-15,2015,"11,292",82,62.1
13-Jul-15,2015,"8,594",84.9,68
12-Jul-15,2015,"8,479",82,69.1
11-Jul-15,2015,"7,470",77,62.1
10-Jul-15,2015,"11,237",82,59
9-Jul-15,2015,"10,563",75.9,57.9
8-Jul-15,2015,"10,289",66,54
7-Jul-15,2015,"8,845",71.1,55.9
6-Jul-15,2015,"9,364",82.9,64.9
5-Jul-15,2015,"6,527",82,61
4-Jul-15,2015,"6,085",81,60.1
3-Jul-15,2015,"7,613",75.9,55
2-Jul-15,2015,"10,251",68,53.1
1-Jul-15,2015,"10,891",69.1,54
30-Jun-15,2015,"11,259",75.9,59
29-Jun-15,2015,"8,974",75,64
28-Jun-15,2015,"7,453",78.1,54
27-Jun-15,2015,"8,647",75,57
26-Jun-15,2015,"6,417",66.9,59
25-Jun-15,2015,"9,481",79,62.1
24-Jun-15,2015,"10,910",77,61
23-Jun-15,2015,"11,918",80.6,66
22-Jun-15,2015,"8,884",82,66.9
21-Jun-15,2015,"7,060",84,66.9
20-Jun-15,2015,"6,596",78.8,53.1
19-Jun-15,2015,"10,013",66,54
18-Jun-15,2015,"9,891",79,59
17-Jun-15,2015,"8,674",71.1,55.9
16-Jun-15,2015,"11,046",72,55.9
15-Jun-15,2015,"5,204",80.6,71.1
14-Jun-15,2015,"5,793",82,69.1
13-Jun-15,2015,"7,173",84.9,55.9
12-Jun-15,2015,"5,904",66.9,55.9
11-Jun-15,2015,"9,839",71.1,59
10-Jun-15,2015,"10,882",90,70
9-Jun-15,2015,"11,243",84,60.1
8-Jun-15,2015,"7,921",82.9,62.1
7-Jun-15,2015,"4,594",80.1,55.9
6-Jun-15,2015,"7,482",70,52
5-Jun-15,2015,"8,469",70,55.9
4-Jun-15,2015,"10,272",80.1,57.9
3-Jun-15,2015,"10,368",75.9,51.1
2-Jun-15,2015,"9,551",69.1,42.1
1-Jun-15,2015,"7,809",59,46
31-May-15,2015,"3,175",54,42.1
30-May-15,2015,"1,713",71.1,45
29-May-15,2015,"8,745",80.1,64
28-May-15,2015,"9,925",82,55
27-May-15,2015,"9,548",73.9,61
26-May-15,2015,"7,395",73.4,64.9
25-May-15,2015,"4,772",78.1,66.9
24-May-15,2015,"3,328",72,61
23-May-15,2015,"6,026",80.1,48.9
22-May-15,2015,"8,132",66,46.9
21-May-15,2015,"8,699",68,45
20-May-15,2015,"5,591",48,39.9
19-May-15,2015,"7,177",52,41
18-May-15,2015,"8,696",75.9,50
17-May-15,2015,"5,357",81,66
16-May-15,2015,"5,993",79,62.1
15-May-15,2015,"7,894",75.9,55.9
14-May-15,2015,"6,839",64.9,43
13-May-15,2015,"6,933",52,41
12-May-15,2015,"6,501",55,45
11-May-15,2015,"5,343",68,46.9
10-May-15,2015,"2,118",53.1,46
9-May-15,2015,"3,407",64.9,46.9
8-May-15,2015,"5,695",81,64.9
7-May-15,2015,"8,570",82.9,53.1
6-May-15,2015,"7,118",73.9,46
5-May-15,2015,"4,663",55.9,46.9
4-May-15,2015,"6,675",72,55
3-May-15,2015,"4,187",77,57
2-May-15,2015,"5,698",75.9,51.1
1-May-15,2015,"6,879",66,37.9
30-Apr-15,2015,"5,981",48.9,37.9
29-Apr-15,2015,"6,638",60.1,39
28-Apr-15,2015,"6,551",55.9,37
27-Apr-15,2015,"5,917",55,39
26-Apr-15,2015,"3,084",55.9,35.1
25-Apr-15,2015,"1,684",46.9,41
24-Apr-15,2015,"5,021",55.9,30.9
23-Apr-15,2015,"5,458",54,33.1
22-Apr-15,2015,"4,398",45,35.1
21-Apr-15,2015,"4,876",53.1,39
20-Apr-15,2015,"4,151",51.8,42.1
19-Apr-15,2015,"2,399",66.9,48
18-Apr-15,2015,"4,095",64,46.9
17-Apr-15,2015,"7,004",77,46
16-Apr-15,2015,"5,254",64,44.6
15-Apr-15,2015,"6,301",63,43
14-Apr-15,2015,"6,717",66,41
13-Apr-15,2015,"5,459",64.9,53.1
12-Apr-15,2015,"3,847",66.9,41
11-Apr-15,2015,"4,110",61,37.9
10-Apr-15,2015,"3,692",60.1,39.9
9-Apr-15,2015,"2,414",70,41
8-Apr-15,2015,"3,326",50,39.9
7-Apr-15,2015,"2,884",46,37.9
6-Apr-15,2015,"3,847",59,34
5-Apr-15,2015,"2,290",66,37.9
4-Apr-15,2015,"2,420",57.9,28
3-Apr-15,2015,"3,305",52,30.9
2-Apr-15,2015,"3,539",64.9,50
1-Apr-15,2015,"4,844",72,35.1
31-Mar-15,2015,"3,703",57,39.9
30-Mar-15,2015,"3,623",60.1,35.1
29-Mar-15,2015,"1,070",46.9,23
28-Mar-15,2015,"1,499",36,19.9
27-Mar-15,2015,"2,040",30.9,21.9
26-Mar-15,2015,"3,192",41,32
25-Mar-15,2015,"2,800",41,35.1
24-Mar-15,2015,"2,051",36,25
23-Mar-15,2015,920,32,28
22-Mar-15,2015,"1,383",33.1,26.6
21-Mar-15,2015,"2,370",46.9,33.1
20-Mar-15,2015,"4,035",48.9,37.4
19-Mar-15,2015,"3,879",46,37.9
18-Mar-15,2015,"3,900",48,28
17-Mar-15,2015,"3,487",45,30.9
16-Mar-15,2015,"5,446",73,44.1
15-Mar-15,2015,"2,818",62.1,30
14-Mar-15,2015,"3,175",59,39.9
13-Mar-15,2015,"4,918",64.9,37
12-Mar-15,2015,"4,487",55.9,30
11-Mar-15,2015,"4,291",51.1,32
10-Mar-15,2015,"4,299",50,35.1
9-Mar-15,2015,"3,795",48.9,26.1
8-Mar-15,2015,"1,342",39,28.9
7-Mar-15,2015,"1,780",43,25
6-Mar-15,2015,"1,883",27,3
5-Mar-15,2015,"1,768",15.1,3.9
4-Mar-15,2015,"2,086",30,10
3-Mar-15,2015,"1,557",34,24.1
2-Mar-15,2015,"2,045",32,14
1-Mar-15,2015,668,24.8,10
28-Feb-15,2015,779,19.9,-8
27-Feb-15,2015,"1,256",14,-0.9
26-Feb-15,2015,912,18,1
25-Feb-15,2015,"1,599",26.1,10.9
24-Feb-15,2015,"1,796",28.9,5
23-Feb-15,2015,"1,364",10.9,-4
22-Feb-15,2015,751,28,3
21-Feb-15,2015,"1,040",30.9,17.6
20-Feb-15,2015,"1,348",17.1,-6
19-Feb-15,2015,893,3.9,-8
18-Feb-15,2015,"1,368",7,-2.9
17-Feb-15,2015,"1,839",19,8.1
16-Feb-15,2015,"1,208",18,5
15-Feb-15,2015,228,14,-2.9
14-Feb-15,2015,558,27,1
13-Feb-15,2015,"1,726",26.1,5
12-Feb-15,2015,"1,637",17.1,8.1
11-Feb-15,2015,"2,544",35.1,18
10-Feb-15,2015,"2,354",33.1,19
9-Feb-15,2015,"1,681",26.1,19
8-Feb-15,2015,826,39,25
7-Feb-15,2015,"1,196",41,19.9
6-Feb-15,2015,"1,418",30,14
5-Feb-15,2015,952,14,-2
4-Feb-15,2015,934,25,3.9
3-Feb-15,2015,769,26.1,6.1
2-Feb-15,2015,466,17.1,6.1
1-Feb-15,2015,133,30.9,19
31-Jan-15,2015,"1,634",36,21
30-Jan-15,2015,"2,863",28,19.9
29-Jan-15,2015,"2,985",35.1,30
28-Jan-15,2015,"3,014",34,19.9
27-Jan-15,2015,"2,580",30.9,21
26-Jan-15,2015,"2,304",26.1,16
25-Jan-15,2015,616,34,24.1
24-Jan-15,2015,"2,080",41,28.9
23-Jan-15,2015,"3,138",30.9,28.9
22-Jan-15,2015,"3,317",30.9,28
21-Jan-15,2015,"3,157",32,28.9
20-Jan-15,2015,"3,144",36,30
19-Jan-15,2015,"2,294",39.9,25
18-Jan-15,2015,"1,419",39.9,28
17-Jan-15,2015,"1,603",42.1,26.1
16-Jan-15,2015,"2,630",33.1,23
15-Jan-15,2015,"2,231",34,17.1
14-Jan-15,2015,"1,734",19,3
13-Jan-15,2015,"1,620",19.4,6.1
12-Jan-15,2015,"1,287",28,15.1
11-Jan-15,2015,729,32,23
10-Jan-15,2015,547,24.1,-2
9-Jan-15,2015,831,10.9,1
8-Jan-15,2015,593,18,-8
7-Jan-15,2015,726,5,-5.1
6-Jan-15,2015,921,10,-4
5-Jan-15,2015,"1,182",6.1,-2.9
4-Jan-15,2015,370,33.1,1.9
3-Jan-15,2015,622,34,28.9
2-Jan-15,2015,"2,125",34,18
1-Jan-15,2015,712,30.9,14
31-Dec-14,2014,"1,318",18,3.9
30-Dec-14,2014,"1,978",19.9,9
29-Dec-14,2014,"2,385",28.9,19.9
28-Dec-14,2014,913,35.1,21.9
27-Dec-14,2014,973,48,30.9
26-Dec-14,2014,"1,582",48.9,36
25-Dec-14,2014,433,42.1,33.1
24-Dec-14,2014,"1,075",39.9,36
23-Dec-14,2014,"3,148",48,37.9
22-Dec-14,2014,"1,943",41,28
21-Dec-14,2014,"1,336",36,30.9
20-Dec-14,2014,"1,661",33.1,28.9
19-Dec-14,2014,"3,383",30.9,27
18-Dec-14,2014,"3,251",28,19
17-Dec-14,2014,"3,321",28,24.1
16-Dec-14,2014,"3,488",45,28.9
15-Dec-14,2014,"3,083",46.4,42.1
14-Dec-14,2014,"2,350",50,45
13-Dec-14,2014,"2,240",46.9,36
12-Dec-14,2014,"3,452",37,23
11-Dec-14,2014,"3,603",32,23
10-Dec-14,2014,"3,362",33.1,28
9-Dec-14,2014,"2,859",37.9,30.9
8-Dec-14,2014,"2,342",37,32
7-Dec-14,2014,"1,648",36,27
6-Dec-14,2014,"2,009",39,28.9
5-Dec-14,2014,"3,937",39,33.1
4-Dec-14,2014,"3,898",34,23
3-Dec-14,2014,"3,809",36,24.1
2-Dec-14,2014,"3,673",33.1,19
1-Dec-14,2014,"2,942",25,17.6
30-Nov-14,2014,"1,511",50,24.1
29-Nov-14,2014,"1,605",51.1,30
28-Nov-14,2014,"1,089",34,18
27-Nov-14,2014,551,26.1,15.1
26-Nov-14,2014,"2,484",28.9,19
25-Nov-14,2014,"3,040",26.1,18
24-Nov-14,2014,"1,932",48.9,24.1
23-Nov-14,2014,"1,342",51.1,48
22-Nov-14,2014,"2,075",52,33.1
21-Nov-14,2014,"3,500",34,9
20-Nov-14,2014,"3,276",27,15.1
19-Nov-14,2014,"3,423",32,17.1
18-Nov-14,2014,"2,669",18,9
17-Nov-14,2014,"2,941",19,10.9
16-Nov-14,2014,"1,459",30.9,18
15-Nov-14,2014,"1,834",30,18
14-Nov-14,2014,"3,821",27,21
13-Nov-14,2014,"3,735",28,24.1
12-Nov-14,2014,"4,423",30.9,25
11-Nov-14,2014,"4,537",57.9,30.9
10-Nov-14,2014,"6,379",62.1,43
9-Nov-14,2014,"2,674",51.1,35.1
8-Nov-14,2014,"2,861",46,36
7-Nov-14,2014,"5,507",43,30
6-Nov-14,2014,"5,474",50,37.9
5-Nov-14,2014,"7,029",59,37.9
4-Nov-14,2014,"6,394",59,44.1
3-Nov-14,2014,"6,649",62.1,44.1
2-Nov-14,2014,"2,922",50,27
1-Nov-14,2014,"2,625",43,30
31-Oct-14,2014,"3,680",46.9,34
30-Oct-14,2014,"6,690",50,34
29-Oct-14,2014,"6,741",48,37.9
28-Oct-14,2014,"7,362",68,46.9
27-Oct-14,2014,"7,814",75.9,51.1
26-Oct-14,2014,"4,039",63,43
25-Oct-14,2014,"5,369",72,51.1
23-Oct-14,2014,"7,242",59,36
22-Oct-14,2014,"7,362",55,39
21-Oct-14,2014,"7,075",52,46
20-Oct-14,2014,"7,180",64,46.9
19-Oct-14,2014,"3,881",54,33.8
18-Oct-14,2014,"2,908",48.9,37
17-Oct-14,2014,"6,721",59,48.9
16-Oct-14,2014,"6,816",55.9,50
15-Oct-14,2014,"5,772",54,50
14-Oct-14,2014,"2,545",64.9,51.8
13-Oct-14,2014,"4,707",66.9,55.9
12-Oct-14,2014,"4,208",61,39
11-Oct-14,2014,"4,550",57.9,37
10-Oct-14,2014,"7,220",57,41
9-Oct-14,2014,"7,706",61,46
8-Oct-14,2014,"8,309",64.9,45
7-Oct-14,2014,"8,166",64.9,48
6-Oct-14,2014,"7,207",60.1,45
5-Oct-14,2014,"3,492",53.1,37.9
4-Oct-14,2014,"2,392",46,36
3-Oct-14,2014,"4,970",66,44.1
2-Oct-14,2014,"7,487",71.6,63
1-Oct-14,2014,"8,768",68,48.9
30-Sep-14,2014,"7,320",55.9,46.9
29-Sep-14,2014,"8,028",82,54
28-Sep-14,2014,"5,299",75.9,53.1
27-Sep-14,2014,"5,702",78.1,55.9
26-Sep-14,2014,"8,342",78.1,52
25-Sep-14,2014,"8,504",73,57
24-Sep-14,2014,"8,824",80.1,54
23-Sep-14,2014,"8,732",73,51.1
22-Sep-14,2014,"7,902",66.9,46
21-Sep-14,2014,"4,190",69.8,53.1
20-Sep-14,2014,"4,660",77,63
19-Sep-14,2014,"8,482",78.1,54
18-Sep-14,2014,"8,321",68,53.1
17-Sep-14,2014,"8,660",70,48
16-Sep-14,2014,"8,260",68,45
15-Sep-14,2014,"7,436",62.1,51.1
14-Sep-14,2014,"4,997",64.4,42.1
13-Sep-14,2014,"4,887",57,41
12-Sep-14,2014,"4,591",54,44.6
11-Sep-14,2014,"7,644",55.9,50
10-Sep-14,2014,"5,154",79,57.9
9-Sep-14,2014,"8,259",78.8,64
8-Sep-14,2014,"8,306",75.9,57
7-Sep-14,2014,"5,630",79,57
6-Sep-14,2014,"5,640",73.9,60.1
5-Sep-14,2014,"6,599",86,64.9
4-Sep-14,2014,"7,910",84,72
3-Sep-14,2014,"9,228",82.9,61
2-Sep-14,2014,"8,635",82,68
1-Sep-14,2014,"4,390",82,71.6
31-Aug-14,2014,"4,721",84,69.1
30-Aug-14,2014,"4,628",82,71.1
29-Aug-14,2014,"8,121",86,70
28-Aug-14,2014,"9,208",77,66.9
27-Aug-14,2014,"9,481",80.6,68
26-Aug-14,2014,"9,025",84.9,71.1
25-Aug-14,2014,"7,322",88,72
24-Aug-14,2014,"5,793",87.8,70
23-Aug-14,2014,"4,686",84,69.1
22-Aug-14,2014,"7,906",86,73
21-Aug-14,2014,"4,495",78.1,71.1
20-Aug-14,2014,"9,356",84.9,66
19-Aug-14,2014,"7,698",86,71.6
18-Aug-14,2014,"9,023",82.4,64.4
17-Aug-14,2014,"4,701",70,64
16-Aug-14,2014,"6,221",81,64
15-Aug-14,2014,"9,051",78.8,53.1
14-Aug-14,2014,"9,311",71.6,60.1
13-Aug-14,2014,"7,595",81,57
12-Aug-14,2014,"7,571",70,62.1
11-Aug-14,2014,"7,020",80.1,66.9
10-Aug-14,2014,"5,609",80.1,70
9-Aug-14,2014,"6,624",79,66.9
8-Aug-14,2014,"9,015",81,66.2
7-Aug-14,2014,"9,275",80.1,62.6
6-Aug-14,2014,"8,119",80.1,62.6
5-Aug-14,2014,"9,141",79,66
4-Aug-14,2014,"7,785",82.9,68
3-Aug-14,2014,"4,000",86,64
2-Aug-14,2014,"6,654",84.9,60.1
1-Aug-14,2014,"8,637",82,63
31-Jul-14,2014,"9,533",84,60.1
30-Jul-14,2014,"9,784",78.1,60.1
29-Jul-14,2014,"9,471",80.1,59
28-Jul-14,2014,"8,941",72,60.1
27-Jul-14,2014,"5,869",86,64.9
26-Jul-14,2014,"5,027",82.9,68
25-Jul-14,2014,"8,667",73.9,55.4
24-Jul-14,2014,"9,756",75,57.2
23-Jul-14,2014,"9,137",73.9,60.1
22-Jul-14,2014,"9,010",90,71.1
21-Jul-14,2014,"9,291",84.9,64
20-Jul-14,2014,"6,153",82,61
19-Jul-14,2014,"7,065",79,57
18-Jul-14,2014,"9,747",79,60.1
17-Jul-14,2014,"9,838",75.9,55.9
16-Jul-14,2014,"9,579",71.1,55
15-Jul-14,2014,"8,983",70,55
14-Jul-14,2014,"7,789",79,62.6
13-Jul-14,2014,"5,163",84.9,68
12-Jul-14,2014,"3,389",79,70
11-Jul-14,2014,"8,188",80.6,60.8
10-Jul-14,2014,"9,625",79,60.1
9-Jul-14,2014,"9,446",78.1,64
8-Jul-14,2014,"8,565",81,68
7-Jul-14,2014,"8,192",88,72
6-Jul-14,2014,"4,702",86,64
5-Jul-14,2014,"4,428",77,60.1
4-Jul-14,2014,"4,816",78.1,59
3-Jul-14,2014,"8,505",73.9,55.9
2-Jul-14,2014,"7,365",70,57
1-Jul-14,2014,"9,373",80.1,66.9
30-Jun-14,2014,"6,410",87.1,68
29-Jun-14,2014,"5,912",84.9,69.1
28-Jun-14,2014,"5,222",87.8,72
27-Jun-14,2014,"8,795",87.8,59
26-Jun-14,2014,"8,415",75.9,59
25-Jun-14,2014,"8,447",77,59
24-Jun-14,2014,"7,360",86,71.1
23-Jun-14,2014,"6,642",81,66
22-Jun-14,2014,"5,614",82,63
21-Jun-14,2014,"5,068",82.9,60.8
20-Jun-14,2014,"8,354",84.9,63
19-Jun-14,2014,"7,791",79,59
18-Jun-14,2014,"6,367",81,61
17-Jun-14,2014,"8,338",90,77
16-Jun-14,2014,"8,548",87.1,66.9
15-Jun-14,2014,"4,716",82.9,60.1
14-Jun-14,2014,"6,828",78.1,54
13-Jun-14,2014,"8,644",73.9,55.9
12-Jun-14,2014,"7,061",79,57.2
11-Jun-14,2014,"6,353",66,57
10-Jun-14,2014,"4,101",66.2,55.9
9-Jun-14,2014,"7,116",75.9,55
8-Jun-14,2014,"4,746",72,54
7-Jun-14,2014,"6,167",82.9,57.9
6-Jun-14,2014,"8,648",80.1,52
5-Jun-14,2014,"8,363",75.9,53.1
4-Jun-14,2014,"5,013",70,55.9
3-Jun-14,2014,"8,230",80.1,68
2-Jun-14,2014,"7,019",82,69.1
1-Jun-14,2014,"4,896",88,63
31-May-14,2014,"5,999",88,54
30-May-14,2014,"7,811",79,53.1
29-May-14,2014,"7,467",75,54
28-May-14,2014,"6,719",70,55.9
27-May-14,2014,"6,007",84.9,57.9
26-May-14,2014,"3,850",87.1,62.1
25-May-14,2014,"4,222",82,50
24-May-14,2014,"3,841",72,50
23-May-14,2014,"6,827",66.9,51.1
22-May-14,2014,"7,294",69.1,54
21-May-14,2014,"7,830",86,64.9
20-May-14,2014,"7,125",84.9,62.1
19-May-14,2014,"4,872",68,46.9
18-May-14,2014,"4,443",69.1,46.9
17-May-14,2014,"3,734",59,39.9
16-May-14,2014,"3,300",46,37.9
15-May-14,2014,"3,521",54,39.9
14-May-14,2014,"5,253",55.9,44.1
13-May-14,2014,"5,281",66.9,53.1
12-May-14,2014,"5,781",84,64
11-May-14,2014,"2,981",81,53.1
10-May-14,2014,"4,861",75.9,46.9
9-May-14,2014,"4,885",72,57
8-May-14,2014,"6,916",89.1,53.1
7-May-14,2014,"5,852",77,48.9
6-May-14,2014,"4,931",62.1,42.1
5-May-14,2014,"4,565",54,43
4-May-14,2014,"2,463",57.9,46
3-May-14,2014,"3,847",66,46.9
2-May-14,2014,"4,486",52,46
1-May-14,2014,"2,993",48.9,42.1
30-Apr-14,2014,"4,618",51.8,43
29-Apr-14,2014,"4,512",57.9,46.9
28-Apr-14,2014,"2,408",55,46
27-Apr-14,2014,"2,274",59,42.1
26-Apr-14,2014,"2,845",57.2,39.9
25-Apr-14,2014,"5,608",69.1,45
24-Apr-14,2014,"4,685",64,39
23-Apr-14,2014,"4,581",51.8,34
22-Apr-14,2014,"4,846",59,39
21-Apr-14,2014,"4,510",73,59
20-Apr-14,2014,"2,914",78.8,44.1
19-Apr-14,2014,"2,798",64.9,37
18-Apr-14,2014,"3,791",51.1,37.4
17-Apr-14,2014,"4,471",61,41
16-Apr-14,2014,"3,685",52,27
15-Apr-14,2014,"2,249",37.9,26.1
14-Apr-14,2014,"1,575",64.4,30.2
13-Apr-14,2014,"1,594",68,42.8
12-Apr-14,2014,"3,761",79,46.9
11-Apr-14,2014,"5,437",69.8,39
10-Apr-14,2014,"4,776",64.9,43
9-Apr-14,2014,"5,028",62.6,35.1
8-Apr-14,2014,"4,146",59,44.1
7-Apr-14,2014,"3,643",53.1,36
6-Apr-14,2014,"2,132",55.9,30.9
5-Apr-14,2014,"2,136",51.1,32
4-Apr-14,2014,"2,328",44.6,35.1
3-Apr-14,2014,"1,605",42.8,35.6
2-Apr-14,2014,"3,199",44.6,35.1
1-Apr-14,2014,"3,273",55.9,33.1
31-Mar-14,2014,"3,725",66.9,43
30-Mar-14,2014,"2,141",57,26.1
29-Mar-14,2014,"1,400",41,28.9
28-Mar-14,2014,"2,214",55,34
27-Mar-14,2014,"1,791",51.8,34
26-Mar-14,2014,"2,342",39,16
25-Mar-14,2014,"1,972",30.9,21.9
24-Mar-14,2014,"2,195",35.1,19.9
23-Mar-14,2014,776,30.9,19.9
22-Mar-14,2014,"1,472",41,28.9
21-Mar-14,2014,"3,326",57,30.9
20-Mar-14,2014,"2,716",46.9,30.2
19-Mar-14,2014,"1,756",46.4,35.1
18-Mar-14,2014,"3,182",51.1,28.9
17-Mar-14,2014,"2,112",39.9,19.9
16-Mar-14,2014,629,28,19
15-Mar-14,2014,"1,266",39,28.4
14-Mar-14,2014,"2,951",52,37.9
13-Mar-14,2014,"1,651",39,12
12-Mar-14,2014,912,33.8,14
11-Mar-14,2014,"2,775",48.9,35.6
10-Mar-14,2014,"3,313",53.1,39.9
9-Mar-14,2014,925,41,19.9
8-Mar-14,2014,733,35.6,21
7-Mar-14,2014,"2,183",46.9,17.1
6-Mar-14,2014,"1,500",32,17.1
5-Mar-14,2014,864,23,19
4-Mar-14,2014,"1,437",27,12.9
3-Mar-14,2014,905,19,-0.9
2-Mar-14,2014,318,12.9,1.9
1-Mar-14,2014,538,30,10.4
28-Feb-14,2014,"1,391",28.9,3
27-Feb-14,2014,877,18,5
26-Feb-14,2014,"1,093",18,1
25-Feb-14,2014,"1,449",22.1,6.1
24-Feb-14,2014,"1,478",24.1,12
23-Feb-14,2014,668,27,15.1
22-Feb-14,2014,917,34,21
21-Feb-14,2014,"1,310",37,26.1
20-Feb-14,2014,969,46.9,34
19-Feb-14,2014,"1,997",44.1,30.9
18-Feb-14,2014,"1,328",46,19
17-Feb-14,2014,454,28,23
16-Feb-14,2014,443,28,17.6
15-Feb-14,2014,643,24.1,6.1
14-Feb-14,2014,"1,285",21,12
13-Feb-14,2014,"1,338",32,14
12-Feb-14,2014,"1,240",23,-2
11-Feb-14,2014,"1,027",14,-8
10-Feb-14,2014,862,10.9,-2.9
9-Feb-14,2014,315,18,5
8-Feb-14,2014,290,16,6.1
7-Feb-14,2014,719,10.9,-2.9
6-Feb-14,2014,715,12.9,-0.9
5-Feb-14,2014,498,25,10.4
4-Feb-14,2014,"1,165",24.1,9
3-Feb-14,2014,"1,173",21,-5.1
2-Feb-14,2014,360,21,5
1-Feb-14,2014,217,30.9,21
31-Jan-14,2014,"1,495",25,17.1
30-Jan-14,2014,"1,312",33.1,19.9
29-Jan-14,2014,"1,033",23,1.9
28-Jan-14,2014,436,3,-11
27-Jan-14,2014,377,5,-7.1
26-Jan-14,2014,305,30.9,7
25-Jan-14,2014,397,32,7
24-Jan-14,2014,867,28,-5.1
23-Jan-14,2014,897,9,-5.1
22-Jan-14,2014,903,14,0
21-Jan-14,2014,849,12,1
20-Jan-14,2014,"1,124",35.1,15.1
19-Jan-14,2014,490,36,10
18-Jan-14,2014,370,21,9
17-Jan-14,2014,"1,303",18,12
16-Jan-14,2014,"1,627",34,19
15-Jan-14,2014,"1,647",21,15.1
14-Jan-14,2014,"2,063",34,21.9
13-Jan-14,2014,"2,473",44.1,27
12-Jan-14,2014,851,44.1,28.9
11-Jan-14,2014,752,39.9,30.9
10-Jan-14,2014,789,39.9,28
9-Jan-14,2014,831,27,-0.9
6-Jan-14,2014,1,-15,-15
5-Jan-14,2014,32,28.9,12.9
4-Jan-14,2014,181,30.9,19.9
3-Jan-14,2014,6,-2.9,-8
2-Jan-14,2014,111,21,16
1-Jan-14,2014,95,21.9,10.9